"Timestamp","What are your threads? (Pick 2)","CS Course difficulty [CS 1301 (Intro to programming)]","CS Course difficulty [CS 1331 (Intro to Object Oriented)]","CS Course difficulty [CS 1332 (Data structures & Algs)]","CS Course difficulty [CS 2050 (Discrete Math, or 1050)]","CS Course difficulty [CS 2051 (Honors Discrete math)]","CS Course difficulty [CS 2110 (Leahy's Class)]","CS Course difficulty [CS 2200 (Intro to Sys and Network)]","CS Course difficulty [CS 2261 (Leahy's class for CM)]","CS Course difficulty [CS 2340 (Objects and Design)]","CS Course difficulty [CS 3210 (Operating Systems)]","CS Course difficulty [CS 3220 (Processor Design)]","CS Course difficulty [CS 3240 (Languages and Computation)]","CS Course difficulty [CS 3251 (Networking One)]","CS Course difficulty [CS 3451 (Computer Graphics)]","CS Course difficulty [CS 3510 (Algorithms)]","CS Course difficulty [CS 3511 (Honors Algorithms)]","CS Course difficulty [CS 3600 (Intro AI)]","CS Course difficulty [CS 3630 (Robotics and Perception)]","CS Course difficulty [CS 3651 (Prototyping Intelligent Devices)]","CS Course difficulty [CS 3750 (UI design)]","CS Course difficulty [CS 4001 (Ethics)]","CS Course difficulty [CS 4002 (Robotic Ethics)]","CS Course difficulty [CS 4210 (Advanced OS)]","CS Course difficulty [CS 4220 (Embedded Systems)]","CS Course difficulty [CS 4235 (Intro Infosec)]","CS Course difficulty [CS 4240 (Compilers and Interpreters)]","CS Course difficulty [CS 4251 (Networking Two)]","CS Course difficulty [CS 4261 (Mobile Apps & Services)]","CS Course difficulty [CS 4290 (Advanced Computer Org)]","CS Course difficulty [CS 4400 (Databases)]","CS Course difficulty [CS 4420 (Database Implementation)]","CS Course difficulty [CS 4460 (Intro infoviz)]","CS Course difficulty [CS 4464 (Computational journalism)]","CS Course difficulty [CS 4475 (Computational Photography)]","CS Course difficulty [CS 4476 (Computer Vision)]","CS Course difficulty [CS 4496 (Computer Animation)]","CS Course difficulty [CS 4510 (Automata & Complexity)]","CS Course difficulty [CS 4540 (Advanced Algs)]","CS Course difficulty [CS 4590 (Computer Audio)]","CS Course difficulty [CS 4605 (Mobi/Ubicomp)]","CS Course difficulty [CS 4635 (KBAI)]","CS Course difficulty [CS 4641 (Machine Learning)]","CS Course difficulty [CS 4650 (NLP)]","CS Course difficulty [CS 4660 (Educational Tech)]","CS Course difficulty [CS 4675 (Internet Systems)]","CS Course difficulty [CS 4731 (Game AI)]","CS Course difficulty [CS 4770 (Mixed Reality Design)]","CS Course difficulty [Junior/Senior Design (3311 or 4911)]","CS Course difficulty [Undergraduate Research]","Core Course difficulty [ENGL 1101]","Core Course difficulty [ENGL 1102]","Core Course difficulty [Calculus 1]","Core Course difficulty [Calculus 2]","Core Course difficulty [Calculus 3 for CS]","Core Course difficulty [Intro Physics]","Core Course difficulty [Intro Chemistry]","Core Course difficulty [Intro Biology]","Core Course difficulty [Intro EAS]"
"2016/02/26 2:21:57 PM EST","Systems & Architecture;Intelligence","","Pretty Easy","Difficult","","Difficult","Difficult","Very Easy","Very Easy","Nearly Impossible","","","","","","","Pretty Easy","","","","","","","","","","","","","","","","","","","","","","","","","","","","","","","","","","","","","","","Difficult","","",""
"2016/02/26 2:23:20 PM EST","Intelligence;Theory","Very Easy","Pretty Easy","Average","","Average","Pretty Easy","","Very Easy","","","","","","Pretty Easy","","Average","Average","","","","","","","","","","","","","","","","","","","","Difficult","","","","Difficult","","","","","","Very Easy","","","Pretty Easy","Pretty Easy","","Average","Difficult","Average","","",""
"2016/02/26 2:24:42 PM EST","Intelligence;Theory","","Very Easy","Pretty Easy","Pretty Easy","","Average","","Average","","","","","","","Nearly Impossible","Average","Difficult","","Average","Average","","","","","","","","","Pretty Easy","","","","","Difficult","","Difficult","","","","","","","","","","","","","","Average","Average","","Pretty Easy","Pretty Easy","","","",""
"2016/02/26 2:24:47 PM EST","People","Pretty Easy","Pretty Easy","Difficult","Nearly Impossible","","","Average","Difficult","","","","","","","","","","","Pretty Easy","Very Easy","","","","","","","","","","","","","","","","","","Pretty Easy","Pretty Easy","","","","","","","","Pretty Easy","","","Very Easy","Very Easy","Average","Nearly Impossible","Pretty Easy","","Difficult","","Very Easy"
"2016/02/26 2:25:05 PM EST","Systems & Architecture;Info & Internetworks","Very Easy","Pretty Easy","Very Easy","Average","","Average","","Average","Nearly Impossible","Difficult","","Difficult","","Very Easy","","","","","","","","","","Average","","","","","Average","","","","","","","","","","","","","","","","","","Very Easy","","","Average","Average","Very Easy","Difficult","Nearly Impossible","Average","Average","Pretty Easy",""
"2016/02/26 2:25:29 PM EST","Intelligence;Info & Internetworks","","Pretty Easy","Average","","Average","Average","","Pretty Easy","","","","Difficult","","Difficult","","Average","Pretty Easy","","","","","","","","","","","","Pretty Easy","","Average","","","","","","","","","","Difficult","","","","","","Pretty Easy","","","","Pretty Easy","","Average","Difficult","Average","","","Pretty Easy"
"2016/02/26 2:28:34 PM EST","Info & Internetworks;Devices","","Pretty Easy","Average","Pretty Easy","","Average","Difficult","","Average","","","","Difficult","Average","Difficult","","Very Easy","","","","","","","","","Nearly Impossible","","","","Pretty Easy","","","","","","","","","","","","","","","","","","Average","","","Pretty Easy","","Difficult","Difficult","Average","","",""
"2016/02/26 2:30:56 PM EST","Media;People","Average","Average","Difficult","Average","","","","Pretty Easy","Pretty Easy","","","","","Difficult","","","","","","","Very Easy","","","","","","","","","Pretty Easy","","Pretty Easy","Pretty Easy","Average","Average","","","","","","","Difficult","","Average","","","","","Average","Pretty Easy","Pretty Easy","","Difficult","Average","Difficult","","","Average"
"2016/02/26 2:35:31 PM EST","I graduated long ago (None)","Pretty Easy","Average","Difficult","Average","","","","Difficult","Pretty Easy","","","","","Nearly Impossible","","","","","","Average","Average","","","","","","","","","","","","","","","","","","","Pretty Easy","","","","","","","","","Pretty Easy","","Average","Difficult","Nearly Impossible","Difficult","","","","Average"
"2016/02/26 2:36:15 PM EST","Systems & Architecture;Info & Internetworks","","Pretty Easy","Average","","Difficult","Difficult","Difficult","","Pretty Easy","Difficult","Nearly Impossible","Nearly Impossible","Difficult","","Difficult","","","","","","Pretty Easy","","","","Pretty Easy","","Average","","","Average","","","","","","","","","","","","","","","","","","Average","","Average","Average","","Difficult","","","","",""
"2016/02/26 2:41:58 PM EST","Intelligence;Theory","Very Easy","Pretty Easy","Average","","Difficult","Difficult","","","Pretty Easy","","","","","Average","Difficult","","Difficult","Difficult","","","Pretty Easy","","","","","","","","","","","","","Very Easy","Difficult","","Difficult","Nearly Impossible","","","","Difficult","","","","","","Average","Average","Pretty Easy","Average","","Difficult","Nearly Impossible","Pretty Easy","","",""
"2016/02/26 2:42:40 PM EST","Intelligence;Theory","","Pretty Easy","Average","","Difficult","Average","","","Pretty Easy","","","","","","Pretty Easy","","Pretty Easy","Average","","","Pretty Easy","","","","","","","","","","","","","","","","Difficult","Pretty Easy","","","","Average","Difficult","","","","","Average","","Pretty Easy","Pretty Easy","Pretty Easy","Pretty Easy","","","","",""
"2016/02/26 2:42:48 PM EST","Intelligence;Info & Internetworks","","Average","Difficult","Pretty Easy","","Difficult","Difficult","","Average","","","Nearly Impossible","Average","","Difficult","","Pretty Easy","","","","Pretty Easy","","","","Pretty Easy","","","Pretty Easy","","","","","","","Difficult","","","","","","Average","Difficult","","","","","","","","","Pretty Easy","","Difficult","Difficult","Average","","","Pretty Easy"
"2016/02/26 2:43:09 PM EST","Systems & Architecture;Media","Very Easy","Average","Average","Pretty Easy","","Average","Difficult","","Average","Nearly Impossible","Difficult","","","Difficult","Average","","","","","","","","","","","","","","","","","","","","","","","","","","","","","","","","","Average","","","Very Easy","","Difficult","Nearly Impossible","Difficult","","","Very Easy"
"2016/02/26 2:51:23 PM EST","Intelligence;Media","Very Easy","Pretty Easy","Average","Difficult","","Average","","","Very Easy","","","","","Pretty Easy","Average","","Average","","","","","","","","","","","","","","","","","","","","","","","","","","","","","Pretty Easy","Average","","","Average","Very Easy","","Nearly Impossible","Pretty Easy","","","","Pretty Easy"
"2016/02/26 3:02:02 PM EST","Intelligence;Modeling & Simulation","Very Easy","Very Easy","Average","Average","Difficult","Average","","","Very Easy","","","","","","Difficult","Nearly Impossible","Average","","","","","","","","","","","","","","","","","","","","","","","","","Difficult","","","","","","Very Easy","Average","Pretty Easy","Pretty Easy","Pretty Easy","Average","Difficult","Difficult","","Average",""
"2016/02/26 3:10:14 PM EST","Systems & Architecture;Info & Internetworks","Very Easy","Average","","","","","","","","","","","","","","","","","","","","","","","","","","","","","","","","","","","","","","","","","","","","","","","","Very Easy","Very Easy","Very Easy","Average","","Average","","",""
"2016/02/26 3:10:51 PM EST","Intelligence;Modeling & Simulation","","","Pretty Easy","Pretty Easy","","Average","Average","","Pretty Easy","","","","","","Difficult","","Pretty Easy","Difficult","","","Very Easy","","","","","","","","","","","","","","","","Difficult","","","","","Difficult","","","","Pretty Easy","","Very Easy","","","Very Easy","Pretty Easy","Average","Average","Difficult","","","Very Easy"
"2016/02/26 3:10:56 PM EST","Intelligence;People","","Pretty Easy","Average","","","","","","","","","","","","","","","","","","","","","","","","","","","","","","","","","","","","","","","","","","","","","","Pretty Easy","","Average","","","Difficult","Difficult","","",""
"2016/02/26 3:11:24 PM EST","Intelligence;Info & Internetworks","Pretty Easy","Average","Difficult","Difficult","Difficult","Difficult","","","","","","","","","","","","","","","","","","","","","","","","","","","","","","","","","","","","","","","","","","","","Pretty Easy","Average","Very Easy","Pretty Easy","","Very Easy","","",""
"2016/02/26 3:11:41 PM EST","Intelligence;Info & Internetworks","Pretty Easy","Pretty Easy","Average","Average","","Difficult","","","Pretty Easy","","","","","","","","","","","","","","","","","","","","","","","","","","","","","","","","","","","","","","","","","Very Easy","Very Easy","Pretty Easy","Pretty Easy","","Difficult","","","Average"
"2016/02/26 3:11:51 PM EST","Intelligence;Info & Internetworks","Very Easy","Pretty Easy","Pretty Easy","Average","","Difficult","Difficult","","Pretty Easy","","","","Average","","Average","","Difficult","","","","Average","","","","","","","Average","","Pretty Easy","","","","","","","Average","","","","","Nearly Impossible","","","","","","","Pretty Easy","Average","Average","","Average","Average","Very Easy","Pretty Easy","",""
"2016/02/26 3:12:12 PM EST","Intelligence;Modeling & Simulation","Very Easy","Average","Pretty Easy","","","","","","","","","","","","","","","","","","","","","","","","","","","","","","","","","","","","","","","","","","","","","","","Pretty Easy","Pretty Easy","Very Easy","Very Easy","Very Easy","Very Easy","Very Easy","Very Easy","Very Easy"
"2016/02/26 3:12:19 PM EST","Intelligence;Media","Pretty Easy","Average","Average","Pretty Easy","","Difficult","","","Average","","","","","","Difficult","","","","","","","","","","","","","","","","","","","","","","","","","","","","","","","","","","","Very Easy","Very Easy","","Average","","","","","Very Easy"
"2016/02/26 3:12:55 PM EST","People;Info & Internetworks","Pretty Easy","Average","","","","","","","","","","","","","","","","","","","","","","","","","","","","","","","","","","","","","","","","","","","","","","","","Very Easy","Very Easy","Average","Difficult","","","","",""
"2016/02/26 3:16:54 PM EST","Systems & Architecture;Info & Internetworks","Very Easy","Pretty Easy","","Pretty Easy","Pretty Easy","","Pretty Easy","","","","","","","","","","","","Nearly Impossible","","","","","","","","","","","","","","","","","","","","","","","","","","","","","","","Very Easy","Very Easy","Very Easy","Very Easy","Pretty Easy","Very Easy","Very Easy","Pretty Easy","Very Easy"
"2016/02/26 3:18:54 PM EST","Intelligence;Info & Internetworks","","Pretty Easy","Average","Average","","Difficult","Average","","Pretty Easy","","","","Average","","Average","","Average","Average","","Average","Pretty Easy","","","","Average","","","Pretty Easy","","","","","","","Average","","Average","","","","","Difficult","","","","","","Pretty Easy","Average","Pretty Easy","Pretty Easy","","","Average","Difficult","","","Pretty Easy"
"2016/02/26 3:19:47 PM EST","Info & Internetworks;Modeling & Simulation","Pretty Easy","Average","Average","Average","","Difficult","Difficult","","Average","","","","Average","","Difficult","","","","","","","","","","Average","","","","","Average","","","","","","","","","","","","","","","","","","","","Very Easy","Very Easy","Pretty Easy","Average","Difficult","Difficult","","",""
"2016/02/26 3:19:50 PM EST","Systems & Architecture;Info & Internetworks","Very Easy","Pretty Easy","Average","Average","","","","","Pretty Easy","","","","","","","","","","","","","","","","","","","","","","","","","","","","","","","","","","","","","","","","","Average","Average","Average","Average","","","","",""
"2016/02/26 3:20:08 PM EST","Systems & Architecture;Info & Internetworks","Very Easy","Very Easy","Pretty Easy","","Average","Very Easy","","","","","","","","","","","","","","","","","","","","","","","","","","","","","","","","","","","","","","","","","","","","","Pretty Easy","Pretty Easy","Pretty Easy","","","","",""
"2016/02/26 3:20:13 PM EST","Systems & Architecture;Intelligence","Very Easy","Very Easy","Pretty Easy","Average","","Pretty Easy","Average","","Pretty Easy","","","","","","","","Average","","","","Average","","","","Very Easy","","","","","","","","","","","","","","","","","","","","","","","","","Very Easy","Very Easy","Average","Difficult","Nearly Impossible","Difficult","","",""
"2016/02/26 3:20:21 PM EST","Intelligence;Theory","Very Easy","Pretty Easy","Average","Average","Average","Average","","","Average","","","","","","","Nearly Impossible","Average","","","","Average","","","","","","","","","Pretty Easy","","","","","Average","","Average","Difficult","","","","Difficult","","","","","","","Average","Average","Average","","Average","Difficult","","","",""
"2016/02/26 3:22:25 PM EST","Systems & Architecture;Theory","Average","Difficult","","","","","","","","","","","","","","","","","","","","","","","","","","","","","","","","","","","","","","","","","","","","","","","","Pretty Easy","Pretty Easy","Very Easy","Pretty Easy","Difficult","Average","Average","Average","Average"
"2016/02/26 3:24:03 PM EST","Systems & Architecture;Info & Internetworks","Very Easy","Pretty Easy","Average","Average","","Difficult","Nearly Impossible","","Pretty Easy","","","","","","","","","","","","","","","","Pretty Easy","","","","","","","","","Average","","","","","","","","","","","","","","","","","Average","Pretty Easy","Difficult","Nearly Impossible","","Difficult","",""
"2016/02/26 3:26:47 PM EST","Intelligence;Modeling & Simulation","Very Easy","Very Easy","Difficult","Pretty Easy","","Difficult","","","Pretty Easy","","","","","","Average","","Pretty Easy","","","","","","","","","","","","","","","","","","","","","","","","","Average","","","","","","","Very Easy","Very Easy","Very Easy","Very Easy","Very Easy","Difficult","Average","","",""
"2016/02/26 3:27:46 PM EST","People;Info & Internetworks","Pretty Easy","Average","Average","Average","","","","","","","","","","","","","","","","","","","","","","","","","","","","","","","","","","","","","","","","","","","","","","Average","Difficult","Average","Average","","Pretty Easy","","",""
"2016/02/26 3:28:02 PM EST","Intelligence;Theory","","Very Easy","Pretty Easy","Pretty Easy","","Difficult","Difficult","","Pretty Easy","","","","","","","Nearly Impossible","Average","Average","","","","","","","","","","","","","","","","","","","","","","","","","","","","","","","","Pretty Easy","Pretty Easy","","Difficult","Difficult","Nearly Impossible","","",""
"2016/02/26 3:28:03 PM EST","Intelligence;People","Very Easy","Pretty Easy","Average","Average","","Difficult","Nearly Impossible","","Average","","","","","","Difficult","","Average","","","Very Easy","Pretty Easy","","","","","","","","","Average","","","","","","","","","","","","Average","","Pretty Easy","","","","","","Pretty Easy","Pretty Easy","Difficult","Difficult","Difficult","Difficult","","","Average"
"2016/02/26 3:31:12 PM EST","Intelligence;Devices","Very Easy","Very Easy","Pretty Easy","Pretty Easy","","Pretty Easy","Average","","Very Easy","","","","","","Pretty Easy","","Pretty Easy","","","","","","","","","","","","","","","","","","","","","","","","","Difficult","","","","","","Very Easy","Difficult","Very Easy","Very Easy","","Pretty Easy","Pretty Easy","","","",""
"2016/02/26 3:32:59 PM EST","Systems & Architecture;Info & Internetworks","","Average","Average","Average","","Average","Average","","Very Easy","Nearly Impossible","Difficult","","Difficult","","Nearly Impossible","","","","","","Very Easy","","","","","","","","Nearly Impossible","Average","","","","","","","","","","","","","","","","","","Nearly Impossible","","","Average","Average","Average","Average","Average","Average","",""
"2016/02/26 3:33:19 PM EST","Systems & Architecture;Intelligence","Very Easy","Very Easy","Very Easy","Very Easy","Pretty Easy","Very Easy","Pretty Easy","","Very Easy","Difficult","","","","","Pretty Easy","","Very Easy","","","","","","","","","Nearly Impossible","","","","","","","","","","","","","","","","Nearly Impossible","Difficult","","","","","","","Very Easy","Very Easy","","Pretty Easy","Pretty Easy","Very Easy","Very Easy","",""
"2016/02/26 3:33:39 PM EST","Media;Info & Internetworks","","Pretty Easy","Difficult","Average","","Average","","","Average","","","","","Difficult","Difficult","","","","","","Very Easy","","","","Difficult","","","","","Pretty Easy","","Pretty Easy","","Average","","","","","","","","","","","","","","","","Average","Average","","Difficult","Nearly Impossible","Difficult","","",""
"2016/02/26 3:34:40 PM EST","Intelligence;Theory","","Pretty Easy","Pretty Easy","","Difficult","","","","","","","","","","","","","","","","","","","","","","","","","","","","","","","","","","","","","","","","","","","","","Average","Average","","","","Difficult","","",""
"2016/02/26 3:35:48 PM EST","Intelligence;Modeling & Simulation","Very Easy","Very Easy","Very Easy","Very Easy","","Very Easy","Average","","Average","","","","Average","","Difficult","","","","","","","","","","","","","","","","","","","","","","","","","","","Average","","","","","","Average","","Very Easy","Very Easy","Very Easy","Very Easy","Pretty Easy","Very Easy","","","Pretty Easy"
"2016/02/26 3:36:05 PM EST","Intelligence;Info & Internetworks","","","","","","","","","","","","","","","","","","","","","","","","","","","","","","","","","","","","","","","","","","","","","","","","","","","","","","","","","",""
"2016/02/26 3:37:27 PM EST","Info & Internetworks;Modeling & Simulation","Difficult","Pretty Easy","Average","Very Easy","","Very Easy","Average","","","Average","","","Average","","Pretty Easy","","","","","","Very Easy","","","","","","","","","Very Easy","","","","","","","","","","","","","","","","","","Average","","","","","","","","","",""
"2016/02/26 3:38:19 PM EST","Systems & Architecture;Info & Internetworks","","Average","Average","Average","","Average","Difficult","","Very Easy","Nearly Impossible","Pretty Easy","","Average","","Nearly Impossible","","","","","","Pretty Easy","","","","Very Easy","Difficult","Pretty Easy","","","Pretty Easy","","Average","","","","","","","","","","","","","","","","Very Easy","","","","","","Pretty Easy","","","",""
"2016/02/26 3:40:52 PM EST","Info & Internetworks;Theory","","Very Easy","Pretty Easy","Very Easy","","Difficult","Difficult","","Very Easy","","","","Nearly Impossible","","Very Easy","","","","","","Very Easy","","","","","","","","","Very Easy","","","","","","","Average","Difficult","","","","","","","","","","Very Easy","","Very Easy","Very Easy","","Average","Difficult","Very Easy","","","Very Easy"
"2016/02/26 3:41:19 PM EST","Info & Internetworks;Devices","Very Easy","Pretty Easy","Average","Average","","Average","Average","","Pretty Easy","","","","Pretty Easy","","Average","","Average","Average","","","Very Easy","","","","","","","Average","","Pretty Easy","","","","","","","","","","","","","","","","","","","","","Very Easy","Average","Difficult","Difficult","Average","","Pretty Easy",""
"2016/02/26 3:44:26 PM EST","Systems & Architecture;Info & Internetworks","","","Average","Pretty Easy","","Difficult","Average","","Very Easy","","","","","","","","","","","","","","","","","","","","","Pretty Easy","","","","","","","","","","","","","","","","","","","","","","","","","","","",""
"2016/02/26 3:47:01 PM EST","Systems & Architecture;Media","Pretty Easy","Pretty Easy","Average","Very Easy","","Difficult","Difficult","","Average","","","","","","","","","","","","","","","","","","","","","","","","","","","","","","","","","","","","","","","","","","Average","Pretty Easy","Average","Difficult","Average","","",""
"2016/02/26 3:49:24 PM EST","Info & Internetworks;Devices","","Difficult","Average","Average","","","","","Pretty Easy","","","","","","","","","","","","","","","","","","","","","","","","","","","","","","","","","","","","","","","","","","","","Pretty Easy","","Pretty Easy","Average","","Difficult"
"2016/02/26 3:49:50 PM EST","Intelligence;Info & Internetworks","Very Easy","Average","Pretty Easy","Pretty Easy","","Difficult","Difficult","","Very Easy","","","","","Pretty Easy","Average","Difficult","","","","","","","","","","","","","","Pretty Easy","","","","","","","","","","","","","","","","","","","Very Easy","Very Easy","Very Easy","Pretty Easy","Pretty Easy","","Average","Pretty Easy","",""
"2016/02/26 3:50:15 PM EST","Intelligence;Devices","Average","Difficult","Average","Pretty Easy","","Difficult","Nearly Impossible","","Very Easy","","","","Difficult","","Difficult","","Average","Pretty Easy","","","","","","","","","","","","","","","","","","","","","","","","","","","","Difficult","","Very Easy","","Average","Average","Average","Difficult","Difficult","Difficult","Difficult","Pretty Easy",""
"2016/02/26 3:53:04 PM EST","Media;Info & Internetworks","","Pretty Easy","Difficult","","Average","Average","Difficult","","Pretty Easy","","","","","Difficult","","","","","","","","","","","Pretty Easy","","","","","Pretty Easy","","","","","","","","","","","","","","","","","","","","","","","","","Difficult","Average","",""
"2016/02/26 3:54:36 PM EST","Intelligence;Theory","Very Easy","Average","Average","","Pretty Easy","Difficult","","","","","","","","","Pretty Easy","Average","Pretty Easy","Very Easy","","","","","","","","","","","","","","","","","Pretty Easy","","Pretty Easy","Nearly Impossible","","","","","","","","","","","","Very Easy","Pretty Easy","Average","Average","Average","Average","","",""
"2016/02/26 3:58:02 PM EST","Intelligence;Info & Internetworks","Very Easy","Pretty Easy","","Pretty Easy","","","","","","","","","","","","","","","","","","","","","","","","","","","","","","","","","","","","","","","","","","","","","","Very Easy","Very Easy","Difficult","Difficult","Nearly Impossible","Pretty Easy","Pretty Easy","",""
"2016/02/26 3:59:11 PM EST","Intelligence;Devices","Pretty Easy","","","","","","","","","","","","","","","","","","","","","","","","","","","","","","","","","","","","","","","","","","","","","","","","","","Average","Pretty Easy","Average","","Difficult","Difficult","",""
"2016/02/26 4:01:07 PM EST","Intelligence;Info & Internetworks","Very Easy","Very Easy","Average","Average","","Difficult","Nearly Impossible","","Average","","","","","","Difficult","","Average","","","","Very Easy","","","","Pretty Easy","","","","","Pretty Easy","","","","","","","Nearly Impossible","","","","","Nearly Impossible","","","","Average","","Very Easy","","Average","Average","","Difficult","Difficult","Pretty Easy","Difficult","Average",""
"2016/02/26 4:06:34 PM EST","Systems & Architecture;Modeling & Simulation","Pretty Easy","Average","Average","Average","","Average","Average","","Pretty Easy","Average","Average","","Average","Pretty Easy","Difficult","","","","","","Pretty Easy","","","","","Difficult","","Pretty Easy","","","","","","","","","","","","","","Average","","","","","","Pretty Easy","","Pretty Easy","Pretty Easy","Pretty Easy","Average","Average","Average","Average","Average","Average"
"2016/02/26 4:06:42 PM EST","Intelligence;Devices","","Average","Average","Pretty Easy","","Difficult","","","","","","","","","","","","","","","","","","","","","","","","","","","","","","","","","","","","","","","","","","","","Difficult","Difficult","","","","","","",""
"2016/02/26 4:09:06 PM EST","Intelligence;Devices","Very Easy","Very Easy","Average","Very Easy","","Average","Difficult","","Pretty Easy","","","","","","","","Average","","","","","","","","","","","","","","","","","","","","","","","","","","","","","","","","","Pretty Easy","Pretty Easy","Pretty Easy","Pretty Easy","Pretty Easy","","","","Very Easy"
"2016/02/26 4:10:08 PM EST","Intelligence;Info & Internetworks","Pretty Easy","Average","Average","Pretty Easy","","Difficult","Difficult","","Average","","","","","","Difficult","","Difficult","","","","","","","","","","","","","Pretty Easy","","","","","","","","","","","","Nearly Impossible","","","","","","Average","","Very Easy","Very Easy","Pretty Easy","Pretty Easy","Average","Difficult","","","Pretty Easy"
"2016/02/26 4:10:45 PM EST","People;Info & Internetworks","","Average","Difficult","","","Difficult","","","Average","","","","","","","","","","","","","","","","","","","","","","","","","","","","","","","","","","","","","","","","","","","","","Nearly Impossible","","","",""
"2016/02/26 4:11:15 PM EST","Intelligence;People","","Pretty Easy","Average","Pretty Easy","","","","","","","","","","","","","","","","","","","","","","","","","","","","","","","","","","","","","","","","","","","","","","","Average","","","","","","",""
"2016/02/26 4:16:43 PM EST","People;Info & Internetworks","Pretty Easy","Average","Average","Difficult","","Average","Difficult","","Pretty Easy","","","","","","Nearly Impossible","","","","","Pretty Easy","Very Easy","","","","","","","","","Average","","","","","","","","","","Very Easy","Very Easy","","","","","","","","","Very Easy","Very Easy","Average","Difficult","Nearly Impossible","Average","","","Pretty Easy"
"2016/02/26 4:16:47 PM EST","Systems & Architecture;Info & Internetworks","Very Easy","Pretty Easy","Average","Average","","Average","Difficult","","Pretty Easy","","","","Difficult","","","","","","","","","","","","","","","","","","","","","","","","","","","","","","","","","","","","","Pretty Easy","Pretty Easy","Pretty Easy","Difficult","Difficult","Difficult","","",""
"2016/02/26 4:18:14 PM EST","Systems & Architecture;Devices","","Pretty Easy","Difficult","Pretty Easy","","Difficult","Average","","Very Easy","","Pretty Easy","","Difficult","","Average","","","Pretty Easy","","","Very Easy","Very Easy","","","","Difficult","","","","Very Easy","","","","","","","","","","","","","","","","","","","","Very Easy","","Average","Pretty Easy","Difficult","Average","","Difficult","Very Easy"
"2016/02/26 4:20:38 PM EST","I graduated long ago (None)","Average","Average","Average","Difficult","","","","Very Easy","Average","","","","","","","","","","","","Average","","","","","","","","","","","","","","","","","","","","","","","","","","","","","","","Difficult","Difficult","Difficult","","","","Difficult"
"2016/02/26 4:24:02 PM EST","Intelligence;Theory","","Average","","Average","","","","","","","","","","","","Nearly Impossible","","","","","","","","","","","","","","","","","","","","","","","","","","","","","","","","","","","Average","","","","","","",""
"2016/02/26 4:26:20 PM EST","Systems & Architecture;Intelligence","Very Easy","Very Easy","Very Easy","Very Easy","Very Easy","Pretty Easy","","","","","","","","","","","","","","","","","","","","","","","","","","","","","","","","","","","","","","","","","","","","Very Easy","Very Easy","Very Easy","Very Easy","Very Easy","Very Easy","Very Easy","Very Easy","Very Easy"
"2016/02/26 4:27:16 PM EST","Intelligence;People","","Average","","","","","","","","","","","","","","","","","","","","","","","","","","","","","","","","","","","","","","","","","","","","","","","","Very Easy","","","Difficult","Average","Pretty Easy","Very Easy","",""
"2016/02/26 4:28:56 PM EST","People;Info & Internetworks","Pretty Easy","Pretty Easy","Average","Average","","Difficult","Difficult","","Pretty Easy","","","","","","Difficult","","","","","","Average","","","","","","","","","Pretty Easy","","Very Easy","","","","","","","","","","","","Very Easy","","","","Very Easy","","","","","","","","Pretty Easy","",""
"2016/02/26 4:30:22 PM EST","Intelligence;Modeling & Simulation","","","Pretty Easy","Pretty Easy","","Pretty Easy","Average","","Very Easy","","","","","Average","","Difficult","Difficult","Pretty Easy","","","Pretty Easy","","","","","","","","","","","","","","Difficult","Average","Difficult","","Difficult","","","Difficult","","","","","","","Nearly Impossible","","Pretty Easy","Very Easy","Very Easy","","Pretty Easy","","Pretty Easy",""
"2016/02/26 4:31:41 PM EST","Systems & Architecture;Intelligence","Very Easy","Pretty Easy","Average","Difficult","","Difficult","Average","","Average","","Nearly Impossible","Nearly Impossible","","","Average","","Average","Average","","","Very Easy","","","","","","","","","Average","","","","","Nearly Impossible","","","","","","Very Easy","Average","","","","","","Pretty Easy","","Very Easy","Very Easy","Pretty Easy","Difficult","Average","Pretty Easy","Nearly Impossible","","Very Easy"
"2016/02/26 4:32:42 PM EST","Intelligence;Media","","Average","Average","Average","","Difficult","","","Pretty Easy","","","","","Average","Pretty Easy","","Difficult","","","Very Easy","Very Easy","","","","","","","","","","","Pretty Easy","","","","","","","","","","Difficult","","","","Very Easy","","","","","Very Easy","","Difficult","Average","Difficult","","","Average"
"2016/02/26 4:35:44 PM EST","Systems & Architecture;Modeling & Simulation","","Pretty Easy","Average","Very Easy","","Average","Difficult","","Very Easy","","","","","","","","","","","","","","","","","","","","","","","","","","","","","","","","","","","","","","","","","","","","","","","","",""
"2016/02/26 4:41:07 PM EST","Intelligence;People","Pretty Easy","Average","Average","Pretty Easy","Average","","","","","","","","","","","","","","","","","","","","","","","","","","","","","","","","","","","","","","","","","","","","","Pretty Easy","Pretty Easy","","Difficult","","","","",""
"2016/02/26 4:42:35 PM EST","Systems & Architecture;Info & Internetworks","Pretty Easy","Average","Average","Difficult","","Average","Difficult","","Pretty Easy","Difficult","Difficult","","Difficult","","Difficult","","","","","","Pretty Easy","","","","Pretty Easy","Nearly Impossible","","Average","","Average","","","","","","","","","","","","","","","","","","Pretty Easy","","Pretty Easy","Pretty Easy","Difficult","Difficult","Difficult","Difficult","","","Pretty Easy"
"2016/02/26 4:43:20 PM EST","Intelligence;Info & Internetworks","Pretty Easy","Pretty Easy","Pretty Easy","Very Easy","Average","Difficult","Difficult","","","","","","","Average","Average","","Pretty Easy","Average","","","","","","","","","","","","Pretty Easy","","","","","Average","","","","","","","Average","","","","","","","Average","Average","Average","Pretty Easy","Pretty Easy","Average","Pretty Easy","Average","Average",""
"2016/02/26 4:46:17 PM EST","Intelligence;Theory","Very Easy","Very Easy","Very Easy","Very Easy","Very Easy","Difficult","","","Very Easy","","","","","Very Easy","Very Easy","Very Easy","Very Easy","Very Easy","","","Difficult","","","","","","","","","","","","","","","","Average","Pretty Easy","","","Very Easy","Very Easy","","","","Very Easy","","Very Easy","Very Easy","","","","","","","","",""
"2016/02/26 4:46:24 PM EST","Media;Info & Internetworks","Very Easy","Average","Difficult","","","Difficult","","","Pretty Easy","","","","","Difficult","Nearly Impossible","","","","","","Very Easy","","","","Difficult","","","Pretty Easy","","Average","","Average","","Average","","","","","","","","","","","","","","Pretty Easy","Average","","","","","","","","Difficult",""
"2016/02/26 4:46:45 PM EST","Intelligence;Info & Internetworks","","Pretty Easy","Pretty Easy","Pretty Easy","","Average","Difficult","","Average","","","","","","Difficult","","Average","","","","","","","","","","","","","","","","","","","","","","","","","Difficult","","","","","","","","Pretty Easy","Pretty Easy","","Average","Difficult","Average","","",""
"2016/02/26 4:49:16 PM EST","Intelligence;Info & Internetworks","","Pretty Easy","Average","Difficult","","Average","Difficult","","Very Easy","","","","Difficult","","Difficult","","Average","Nearly Impossible","","","Pretty Easy","","","","Very Easy","","","","","","","","","","Very Easy","","","","","","","Average","","","","","","Pretty Easy","Very Easy","","Pretty Easy","","Average","Average","Difficult","","",""
"2016/02/26 4:52:37 PM EST","Media;Info & Internetworks","Pretty Easy","Difficult","Average","Average","","Difficult","Difficult","","","","","","","","","","","","","","","","","","","","","","","","","","","","","","","","","","","","","","","","","","","Pretty Easy","Pretty Easy","Average","Average","Nearly Impossible","Difficult","","","Average"
"2016/02/26 4:58:33 PM EST","Systems & Architecture;Theory","Very Easy","Very Easy","Very Easy","Very Easy","Very Easy","Very Easy","Very Easy","Very Easy","Very Easy","Very Easy","Very Easy","Very Easy","Very Easy","Very Easy","Very Easy","Very Easy","","","","","","","","","","","","","","","","","","","","","","","","","","","","","","","","","","Very Easy","Very Easy","Very Easy","Very Easy","Very Easy","","","",""
"2016/02/26 4:59:53 PM EST","Media;Modeling & Simulation","","","Pretty Easy","Average","","Difficult","","","","","","","","","","","","","","","","","","","","","","","","","","","","","","","","","","","","","","","","","","","","Average","Average","","","Difficult","","","","Average"
"2016/02/26 5:00:52 PM EST","Intelligence;People","","Average","Difficult","Difficult","","Difficult","","","Pretty Easy","","","","","","","","","","","","","","","","","","","","","","","","","","","","","","","","","","","","","","","","","Very Easy","Very Easy","","Average","","Difficult","Difficult","",""
"2016/02/26 5:01:54 PM EST","Media;People","Pretty Easy","Difficult","Difficult","Average","","","","","","","","","","","","","","","","","","","","","","","","","","","","","","","","","","","","","","","","","","","","","","Very Easy","Very Easy","","Pretty Easy","","Difficult","Difficult","",""
"2016/02/26 5:05:18 PM EST","Info & Internetworks;Devices","","Pretty Easy","Average","Difficult","","Difficult","Nearly Impossible","","Pretty Easy","","","","","","Difficult","","","","","Average","","","","","","","","","","Difficult","","","","","","","","","","","","","","","","","","","","","","Average","Difficult","","Difficult","","",""
"2016/02/26 5:07:10 PM EST","I graduated long ago (None)","Very Easy","Pretty Easy","Average","Pretty Easy","","","","Pretty Easy","Very Easy","","","","","","","","","","","Very Easy","Pretty Easy","","","","","","","","","","","","","","","","","","","","","","","","","","Very Easy","","","Very Easy","Very Easy","Pretty Easy","Average","Average","","","","Very Easy"
"2016/02/26 5:08:52 PM EST","Intelligence;Devices","","Average","Average","","","Pretty Easy","","","","","","","","","","","Difficult","","","","","","","","","","","","","","","","","","","","","","","","","","","","","","","","","Very Easy","Very Easy","","Average","Difficult","","","","Pretty Easy"
"2016/02/26 5:10:24 PM EST","Intelligence;Devices","","Very Easy","Average","Difficult","","Average","Average","","Pretty Easy","","","","","","","","Difficult","","","","","","","","","","","","","","","","","","","","","","","","","","","","","","","","","Pretty Easy","Pretty Easy","","Difficult","Nearly Impossible","Pretty Easy","","",""
"2016/02/26 5:11:03 PM EST","Intelligence;Info & Internetworks","Very Easy","Very Easy","Very Easy","","Difficult","Very Easy","","","","","","","","","","Average","","","","","","","","","","","","","","","","","","","","","","","","","","","","","","","","","","","","","","","","","",""
"2016/02/26 5:14:38 PM EST","Systems & Architecture;Media","Very Easy","Very Easy","Pretty Easy","Pretty Easy","","Average","Average","","Very Easy","Difficult","Average","Pretty Easy","Average","Difficult","Pretty Easy","","","","","","Pretty Easy","","","","","Average","","","","Pretty Easy","","","","","","Difficult","","","","","","Nearly Impossible","","","","","","Very Easy","","","","Pretty Easy","Average","Difficult","Pretty Easy","","",""
"2016/02/26 5:22:04 PM EST","Intelligence;Modeling & Simulation","Very Easy","Very Easy","Average","Average","","Difficult","Difficult","","Very Easy","","","","","","","","Average","","","","","","","","","","","","","","","","","","","","","","","","","Difficult","","","","","","","Pretty Easy","","Very Easy","","Average","Difficult","Pretty Easy","","",""
"2016/02/26 5:25:28 PM EST","Intelligence;Info & Internetworks","Very Easy","Pretty Easy","Pretty Easy","Pretty Easy","","","","","","","","","","","","","","","","","","","","","","","","","","","","","","","","","","","","","","","","","","","","","","Very Easy","Pretty Easy","Very Easy","Very Easy","Pretty Easy","","","",""
"2016/02/26 5:27:36 PM EST","Media;Info & Internetworks","Very Easy","Pretty Easy","Difficult","Very Easy","","Difficult","","","Pretty Easy","","","","","","","","","","","","","","","","","","","","","","","","","","","","","","","","","","","","","","","","","","","","Difficult","Difficult","Average","","",""
"2016/02/26 5:28:56 PM EST","Systems & Architecture;Media","Very Easy","Average","","","","","","","","","","","","","","","","","","","","","","","","","","","","","","","","","","","","","","","","","","","","","","","","Very Easy","Very Easy","Very Easy","Average","Average","Very Easy","","",""
"2016/02/26 5:32:56 PM EST","Media;Info & Internetworks","Average","Pretty Easy","Average","Pretty Easy","","Difficult","","","","","","","Average","","","","Average","","","","","","","","","","","","","","","","","","","","Average","","","","","","","","","","","","Pretty Easy","Difficult","Difficult","Very Easy","Very Easy","Pretty Easy","Pretty Easy","Pretty Easy","",""
"2016/02/26 5:37:42 PM EST","Media;Info & Internetworks","","Pretty Easy","Pretty Easy","Pretty Easy","","Difficult","Average","","Very Easy","","","","Difficult","Pretty Easy","Pretty Easy","","Average","","","Pretty Easy","Very Easy","","","","Average","","","","","Average","","Pretty Easy","","","","","","","Very Easy","","","","","","","","","","","","","","","","","","",""
"2016/02/26 5:38:01 PM EST","Intelligence;Modeling & Simulation","Very Easy","Average","Average","Pretty Easy","","Nearly Impossible","Nearly Impossible","","Pretty Easy","","","","","","Average","","Average","","","","Very Easy","","","","","","","","","","","","","","","","Nearly Impossible","","","","Average","Difficult","","","","","","","Average","Very Easy","Very Easy","Very Easy","Average","Average","Average","Average","Average","Average"
"2016/02/26 5:39:10 PM EST","Theory;Devices","","Very Easy","Pretty Easy","","Very Easy","Pretty Easy","Average","","Very Easy","","","","Difficult","","Very Easy","Pretty Easy","","Average","Very Easy","","Very Easy","","","","","","","","","","","","","","","","Very Easy","Pretty Easy","","","","","","","","","","Very Easy","","Very Easy","Very Easy","","","","","","",""
"2016/02/26 5:48:47 PM EST","Modeling & Simulation;Theory","Pretty Easy","Average","Average","Average","Average","Average","Difficult","Average","Average","Average","Average","Average","","","","","","","","","","","","","","","","","","","","","","","","","","","","","","","","","","","","","","","","","","","","","",""
"2016/02/26 5:49:04 PM EST","Intelligence;Modeling & Simulation","","Average","Average","Pretty Easy","Average","Average","Difficult","","Very Easy","","","","","","Average","","Pretty Easy","","","","","","","","","","","","","","","","","","","","","","","","","Difficult","","","","","","","","","","","","","","","",""
"2016/02/26 5:53:50 PM EST","Intelligence;Devices","","","","","","","","","","","","","","","","","","","","","","","","","","","","","","","","","","","","","","","","","","","","","","","","","","","","","","","","","",""
"2016/02/26 5:58:20 PM EST","Intelligence;Devices","Very Easy","Pretty Easy","Average","Average","","","","","","","","","","","","","","","","","","","","","","","","","","","","","","","","","","","","","","","","","","","","","","Average","Difficult","","","Difficult","Average","","",""
"2016/02/26 6:06:41 PM EST","Intelligence;Theory","Pretty Easy","Pretty Easy","Average","Average","Average","Difficult","","","","","","","","","","","","","","","","","","","","","","","","","","","","","","","","","","","","","","","","","","","Pretty Easy","Very Easy","Very Easy","Very Easy","Very Easy","Average","Difficult","","","Pretty Easy"
"2016/02/26 6:23:27 PM EST","Media;Modeling & Simulation","Very Easy","Pretty Easy","Difficult","Difficult","","Average","","","Pretty Easy","","","","","","","Difficult","","","","","","","","","","","","","","Average","","","","","","","","","","","","","","","","","","","","Very Easy","Very Easy","Very Easy","Very Easy","Average","Very Easy","Very Easy","Very Easy",""
"2016/02/26 6:27:59 PM EST","Systems & Architecture;Modeling & Simulation","","Pretty Easy","Average","Pretty Easy","","Pretty Easy","Difficult","","Pretty Easy","","","","","","Pretty Easy","","","","","","","","","","","Difficult","","","","","","","","","","","","","","","","","","","","","","","","","","","","","","","",""
"2016/02/26 6:32:15 PM EST","Systems & Architecture;Info & Internetworks","","Pretty Easy","Average","Pretty Easy","","Pretty Easy","Pretty Easy","","Very Easy","","","","","","Nearly Impossible","","","","","","","","","","","Average","","","","","","","","","","","","","","","","","","","","","","","","Pretty Easy","Pretty Easy","Average","Average","Average","Pretty Easy","","",""
"2016/02/26 6:36:45 PM EST","Intelligence;People","Pretty Easy","Average","Difficult","Pretty Easy","","Pretty Easy","","","","","","","","","","","","","","","","","","","","","","","","","","","","","","","","","","","","","","","","","","","","Very Easy","Very Easy","Very Easy","Average","Difficult","Difficult","","Difficult",""
"2016/02/26 6:41:49 PM EST","Systems & Architecture;Info & Internetworks","Very Easy","Pretty Easy","Pretty Easy","Pretty Easy","","Pretty Easy","Average","","Pretty Easy","Difficult","","","Average","","Average","","Average","","","","Very Easy","","","","Pretty Easy","Difficult","","","Difficult","Pretty Easy","Pretty Easy","","","","","","","","","","","Difficult","","","","","","","","","","","Difficult","Average","Pretty Easy","Nearly Impossible","",""
"2016/02/26 6:45:52 PM EST","Intelligence;Theory","Pretty Easy","Very Easy","Average","Very Easy","","Average","","","Very Easy","","","","","","Average","","Difficult","","","","Pretty Easy","","","","","","","","","","","","","Very Easy","Difficult","","Average","Average","","","","Average","","","","","","Average","Average","Very Easy","Very Easy","Very Easy","Very Easy","Very Easy","Pretty Easy","","","Pretty Easy"
"2016/02/26 6:50:31 PM EST","People;Info & Internetworks","","Average","Difficult","Average","Average","Difficult","Difficult","","","","","","","","","","","","","","","","","","","","","","","Average","","","","","","","","","","","","","","","","","","","","Very Easy","Very Easy","Nearly Impossible","Difficult","Difficult","Average","Average","",""
"2016/02/26 6:56:37 PM EST","Systems & Architecture;Info & Internetworks","Very Easy","Pretty Easy","Average","Average","Average","Average","Difficult","","Pretty Easy","","Difficult","","","","Difficult","Nearly Impossible","","","","","","","","","","Average","","","Difficult","Pretty Easy","","Average","","","","","","","","","","","","","","","","Nearly Impossible","","","","","","","","","",""
"2016/02/26 7:02:38 PM EST","Intelligence;People","Very Easy","Very Easy","Pretty Easy","","","Average","","","","","","","","","","","","","","","","","","","","","","","","","","","","","","","","","","","","","","","","","","","","Very Easy","Very Easy","Pretty Easy","Average","","","","","Very Easy"
"2016/02/26 7:12:44 PM EST","Info & Internetworks;Devices","Very Easy","Pretty Easy","Nearly Impossible","Nearly Impossible","","Average","Difficult","","Nearly Impossible","","","","Average","","Nearly Impossible","","","Pretty Easy","Difficult","","Very Easy","","","","Nearly Impossible","","","","","","","","","","","","","","","","","","","","","","","","","Very Easy","Very Easy","Average","Difficult","Nearly Impossible","","","","Very Easy"
"2016/02/26 7:15:07 PM EST","Intelligence;Info & Internetworks","","Average","Difficult","Pretty Easy","","Difficult","Difficult","","Pretty Easy","","","","Pretty Easy","","Nearly Impossible","","Difficult","","","","Pretty Easy","","","","","","","","","Pretty Easy","","","","","","","","","","","","Average","","","","","","Pretty Easy","","Pretty Easy","Pretty Easy","Average","Average","Average","Average","","","Pretty Easy"
"2016/02/26 7:30:16 PM EST","Info & Internetworks;Devices","Pretty Easy","Difficult","Difficult","Average","Nearly Impossible","Nearly Impossible","Average","","Very Easy","","","","Nearly Impossible","","Nearly Impossible","Nearly Impossible","","Pretty Easy","Pretty Easy","","Very Easy","","","","Very Easy","Pretty Easy","","Very Easy","","Pretty Easy","","","","","","","","","","","","","","","","","","Very Easy","","Very Easy","Very Easy","Very Easy","Pretty Easy","Pretty Easy","Difficult","Nearly Impossible","Difficult","Very Easy"
"2016/02/26 7:56:41 PM EST","Intelligence;Info & Internetworks","Pretty Easy","Average","Average","Pretty Easy","","Difficult","Difficult","","Pretty Easy","","","","","","","","","","","","","","","","","","","","","","","","","","","","","","","","","","","","","","","","Average","Pretty Easy","Pretty Easy","Pretty Easy","Pretty Easy","Difficult","Pretty Easy","Pretty Easy","",""
"2016/02/26 7:56:46 PM EST","Systems & Architecture;Media","Very Easy","Very Easy","Pretty Easy","Pretty Easy","Pretty Easy","Average","Average","Pretty Easy","Pretty Easy","Difficult","Average","Nearly Impossible","Average","Average","Difficult","Difficult","","","","Very Easy","Average","Average","","","Average","","","Pretty Easy","Difficult","Average","","","","","","","","","","","","","","","","","","Average","","","","","","","Difficult","","",""
"2016/02/26 8:18:56 PM EST","Media;People","Very Easy","Pretty Easy","Difficult","Average","","Difficult","","","Pretty Easy","","","","","Difficult","","","","","","Average","Very Easy","","","","","","","","","Average","","","Pretty Easy","","","Difficult","","","Average","","","","","Average","","","","Pretty Easy","Average","Very Easy","Very Easy","Very Easy","Pretty Easy","Average","Difficult","Difficult","",""
"2016/02/26 8:47:54 PM EST","Info & Internetworks;Theory","Very Easy","Very Easy","Very Easy","Pretty Easy","","Pretty Easy","Pretty Easy","","Pretty Easy","Difficult","","Difficult","Average","Average","Pretty Easy","","Pretty Easy","","Average","","Very Easy","","Difficult","","","","","","Pretty Easy","Very Easy","Average","","","","Average","","Difficult","Difficult","","","","Difficult","","","","","","","","","Very Easy","","","","Very Easy","","","Very Easy"
"2016/02/26 8:59:19 PM EST","Media;People","","Pretty Easy","","","","Difficult","","","Very Easy","","","","","Nearly Impossible","","","","","","Pretty Easy","","","","","","","","","","","","Average","","","","Nearly Impossible","","","Average","","","","","","","","","Average","","Pretty Easy","Pretty Easy","Pretty Easy","Difficult","Difficult","Average","Difficult","",""
"2016/02/26 9:04:01 PM EST","Systems & Architecture;Theory","","Pretty Easy","Pretty Easy","Pretty Easy","","","","","","","","","","","","","","","","","","","","","","","","","","","","","","","","","","","","","","","","","","","","","Pretty Easy","Difficult","Very Easy","","","","Pretty Easy","","",""
"2016/02/26 9:05:38 PM EST","People;Info & Internetworks","","Very Easy","Pretty Easy","","","","","","","","","","","","","","","","","","","","","","","","","","","","","","","","","","","","","","","","","","","","","","","","Very Easy","","Average","Difficult","","","",""
"2016/02/26 9:24:52 PM EST","Intelligence;Info & Internetworks","Very Easy","Pretty Easy","Average","Very Easy","","Average","Average","","Very Easy","Average","","","","","Average","","Average","","","","Pretty Easy","","","","Pretty Easy","","","Pretty Easy","","Pretty Easy","","","","","","","Average","","","","","Difficult","","","","Average","","Pretty Easy","","Very Easy","Pretty Easy","Pretty Easy","Pretty Easy","Pretty Easy","Pretty Easy","Average","","Pretty Easy"
"2016/02/26 9:29:49 PM EST","Intelligence;Modeling & Simulation","Very Easy","Average","Average","Average","","Difficult","Nearly Impossible","","Pretty Easy","","","","","","Average","","Difficult","","","","Average","","","","","","","","","","","","","","Average","","Difficult","","","","","Difficult","","","","","","","","","","","","","","","",""
"2016/02/26 11:14:17 PM EST","Systems & Architecture;Theory","","Pretty Easy","Pretty Easy","","Difficult","Pretty Easy","Average","","Pretty Easy","Difficult","Difficult","","Average","","","Difficult","","","","","","","","","Very Easy","","","","","","","","","","","","","Average","","","","","","","","","","","","Pretty Easy","Pretty Easy","","","","","","",""
"2016/02/26 11:29:57 PM EST","Media;Theory","Difficult","Difficult","Average","Pretty Easy","","Nearly Impossible","","","Pretty Easy","","","","","Difficult","Average","","","","","","","","","","","","","","","","","","","","","Difficult","Average","Average","","","","","","","","","","Average","Difficult","Average","Average","Pretty Easy","Difficult","Average","Nearly Impossible","","","Average"
"2016/02/26 11:33:23 PM EST","People;Info & Internetworks","Very Easy","Pretty Easy","Pretty Easy","","","","","","","","","","","","","","","","","","","","","","","","","","","","","","","","","","","","","","","","","","","","","","","Very Easy","Very Easy","Very Easy","Very Easy","Very Easy","Very Easy","Very Easy","Very Easy","Very Easy"
"2016/02/27 12:22:22 AM EST","Intelligence;Modeling & Simulation","","Pretty Easy","Average","","Difficult","Difficult","","","Very Easy","","","","","","","Difficult","Pretty Easy","","","","","","","","","","","","","","","","","","","","","","","","","Average","","","","","","","","Pretty Easy","Pretty Easy","Very Easy","Very Easy","","","Average","Average",""
"2016/02/27 12:37:29 AM EST","Modeling & Simulation;Theory","","Very Easy","Pretty Easy","Pretty Easy","","Difficult","","","Very Easy","","","","","","Average","","","","","","","","","","","","","","","","","","","","","","Difficult","Difficult","","","","","","","","","","","Difficult","Very Easy","Very Easy","","","","Average","","",""
"2016/02/27 12:47:20 AM EST","Systems & Architecture;Info & Internetworks","Pretty Easy","Average","Average","Average","","Difficult","Difficult","","Pretty Easy","","Average","","Difficult","","Difficult","","","","","","","","","","","","","","","Average","","","","","","","","","Difficult","","","","","","","","","Pretty Easy","","Average","Average","Pretty Easy","Difficult","Difficult","Difficult","Average","",""